瘤痢,斥档,孩唱公,孩唱公,孩唱公,孩唱公,孩唱公,孩唱公
,,惯酒,惯酒(乞厚),俺拳,俺拳(乞厚),父惯,父惯(乞厚)
碍釜,2005,2005-03-17, ,2005-04-07, , , 
碍釜,2006,2006-03-20, ,2006-04-03, , , 
碍釜,2007,2007-03-09, ,2007-03-29, , , 
碍釜,2008,2008-03-19, ,2008-04-03, , , 
措包飞,2005,2005-04-21,-4老,2005-04-29,-6老, , 
措包飞,2006,2006-05-05,10老,2006-05-12,7老, , 
措包飞,2007,2007-04-24,-1老,2007-05-08,3老, , 
措包飞,2008,2008-04-30,5老,2008-05-05,0老, , 
措包飞,2009,2009-04-16,-9老,2009-04-25,-10老, , 
措包飞,2010,2010-05-03,8老,2010-05-13,8老, , 
措包飞,2011,2011-05-03,8老,2011-05-13,8老, , 
措包飞,2012,2012-04-15,-10老,2012-05-03,-2老, , 
措包飞,2013,2013-05-04,9老,2013-05-13,8老, , 
措包飞,2014,2014-04-23,-2老,2014-04-30,-5老, , 
措包飞,2015,2015-04-22,-3老,2015-04-30,-5老, , 
悼秦,2005,2005-03-20,-3老,2005-04-08,3老, , 
悼秦,2006,2006-03-20,-3老,2006-04-03,-2老, , 
悼秦,2007,2007-03-13,-10老,2007-03-31,-5老, , 
悼秦,2008,2008-03-15,-8老,2008-04-03,-2老, , 
悼秦,2009,2009-03-19,-4老,2009-03-30,-6老, , 
悼秦,2010,2010-03-30,7老,2010-04-17,12老, , 
悼秦,2011,2011-04-01,9老,2011-04-10,5老, , 
悼秦,2012,2012-04-03,11老,2012-04-12,7老, , 
悼秦,2013,2013-04-02,10老,2013-04-09,4老, , 
悼秦,2014,2014-03-27,4老,2014-04-02,-3老, , 
悼秦,2015,2015-03-24,1老,2015-03-31,-5老,2015-04-06, 
合碍釜,2009,2009-03-20,-4老,2009-04-04,0老, , 
合碍釜,2010,2010-04-01,8老,2010-04-18,14老, , 
合碍釜,2011,2011-03-28,4老,2011-04-11,7老, , 
合碍釜,2012,2012-04-06,13老,2012-04-13,9老, , 
合碍釜,2013,2013-03-24,0老,2013-04-09,5老, , 
合碍釜,2014,2014-03-27,3老,2014-04-02,-2老, , 
合碍釜,2015,2015-03-20,-4老,2015-04-03,-1老,2015-04-08,1老
合碍釜,2016,2016-03-19,-5老,2016-04-04,0老,2016-04-06,-1老
合碍釜,2017,2017-03-19,-5老,2017-04-03,-1老,2017-04-04,-3老
合碍釜,2018,2018-03-22,-2老,2018-03-31,-4老,2018-04-02,-5老
合碍釜,2019,2019-03-20,-4老,2019-03-31,-4老,2019-04-04,-3老
合碍釜,2020,2020-03-21,-3老,2020-03-26,-9老,2020-03-30,-8老
合碍釜,2021,2021-03-19,-5老,2021-03-28,-7老,2021-03-31,-7老
合碍釜,2022,2022-03-27,3老,2022-04-06,2老,2022-04-10,3老
合碍釜,2023,2023-03-09,-15老,2023-03-26,-9老,2023-03-29,-9老
合碍釜,2024,2024-03-08,-16老,2024-04-05,1老,2024-04-09,2老
合碍釜,2025,2025-03-15,-9老,2025-04-01,-3老,2025-04-06,-1老
合冕玫,2017,2017-04-03,1老,2017-04-11,0老,2017-04-13,1老
合冕玫,2018,2018-04-01,-1老,2018-04-06,-5老,2018-04-08,-4老
合冕玫,2019,2019-04-02,0老,2019-04-07,-4老,2019-04-14,2老
合冕玫,2020,2020-03-30,-3老,2020-04-01,-10老,2020-04-05,-7老
合冕玫,2021,2021-03-26,-7老,2021-04-01,-10老,2021-04-05,-7老
合冕玫,2022,2022-04-01,-1老,2022-04-11,0老,2022-04-12,0老
合冕玫,2023,2023-03-27,-6老,2023-04-01,-10老,2023-04-03,-9老
合冕玫,2024,2024-03-25,-8老,2024-04-03,-8老,2024-04-08,-4老
合冕玫,2025,2025-03-23,-10老,2025-04-08,-3老,2025-04-13,1老
加檬,2005,2005-03-25,-2老,2005-04-11,3老, , 
加檬,2006,2006-03-25,-2老,2006-04-07,-1老, , 
加檬,2007,2007-03-06,-21老,2007-04-02,-6老, , 
加檬,2008,2008-03-21,-6老,2008-04-06,-2老, , 
加檬,2009,2009-03-19,-8老,2009-04-06,-2老, , 
加檬,2010,2010-04-01,5老,2010-04-23,15老, , 
加檬,2011,2011-03-29,2老,2011-04-12,4老, , 
加檬,2012,2012-04-09,13老,2012-04-16,8老, , 
加檬,2013,2013-03-22,-5老,2013-04-12,4老, , 
加檬,2014,2014-03-24,-3老,2014-04-01,-7老, , 
加檬,2015,2015-03-25,-2老,2015-04-03,-5老, , 
康岿,2005,2005-04-08,3老,2005-04-11,-3老, , 
康岿,2006,2006-04-07,2老,2006-04-12,-2老, , 
康岿,2007,2007-03-30,-6老,2007-04-12,-2老, , 
康岿,2008,2008-04-01,-4老,2008-04-08,-6老, , 
康岿,2009,2009-04-02,-3老,2009-04-07,-7老, , 
康岿,2010,2010-04-10,5老,2010-04-19,5老, , 
康岿,2011,2011-04-16,11老,2011-04-20,6老, , 
康岿,2012,2012-04-18,13老,2012-04-23,9老, , 
康岿,2013,2013-04-08,3老,2013-04-17,3老, , 
康岿,2014,2014-04-03,-2老,2014-04-08,-6老, , 
康岿,2015,2015-04-03,-2老,2015-04-11,-3老,2015-04-17, 
盔林,2005,2005-04-08,13老,2005-04-12,2老,2005-04-18, 
盔林,2006,2006-04-05,10老,2006-04-12,2老, , 
盔林,2007,2007-03-25,-1老,2007-04-07,-3老, , 
盔林,2008,2008-03-18,-8老,2008-04-09,-1老, , 
盔林,2009,2009-03-18,-8老,2009-04-05,-5老, , 
盔林,2010,2010-03-13,-13老,2010-04-14,4老, , 
盔林,2011,2011-04-01,6老,2011-04-15,5老, , 
盔林,2012,2012-03-31,5老,2012-04-16,6老, , 
盔林,2013,2013-03-29,3老,2013-04-17,7老, , 
盔林,2014,2014-03-27,1老,2014-04-01,-9老, , 
盔林,2015,2015-03-31,5老,2015-04-06,-4老, , 
牢力,2005,2005-04-10,0老,2005-04-16,-1老, , 
牢力,2006,2006-04-11,1老,2006-04-21,4老, , 
牢力,2007,2007-04-18,8老,2007-04-25,8老, , 
牢力,2008,2008-04-17,7老,2008-04-19,2老, , 
枚盔,2005,2005-04-10,3老,2005-04-19,3老, , 
枚盔,2006,2006-04-11,4老,2006-04-21,5老, , 
枚盔,2007,2007-04-06,-1老,2007-04-17,1老, , 
枚盔,2008,2008-04-07,0老,2008-04-11,-5老, , 
枚盔,2009,2009-03-29,-9老,2009-04-11,-5老, , 
枚盔,2010,2010-04-12,5老,2010-04-25,9老, , 
枚盔,2011,2011-04-05,-2老,2011-04-20,4老, , 
枚盔,2012,2012-04-15,8老,2012-04-19,3老, , 
枚盔,2013,2013-04-20,13老,2013-04-24,8老, , 
枚盔,2014,2014-03-30,-8老,2014-04-02,-14老, , 
枚盔,2015,2015-03-30,-8老,2015-04-06,-10老, , 
冕玫,2005,2005-04-01, ,2005-04-13, , , 
冕玫,2006,2006-04-01, ,2006-04-12, , , 
冕玫,2007,2007-04-09, ,2007-04-12, , , 
冕玫,2008,2008-03-30, ,2008-04-08, , , 
冕玫,2009,2009-04-02, ,2009-04-08, , , 
冕玫,2010,2010-04-06, ,2010-04-18, , , 
冕玫,2011,2011-04-02, ,2011-04-14, ,2011-04-20, 
冕玫,2012,2012-04-09, ,2012-04-15, ,2012-04-18, 
冕玫,2013,2013-03-26, ,2013-04-15, , , 
冕玫,2014,2014-03-28, ,2014-03-31, ,2014-04-04, 
冕玫,2015,2015-03-24, ,2015-04-04, ,2015-04-10, 
冕玫,2016,2016-03-27, ,2016-04-05, ,2016-04-07, 
怕归,2005,2005-04-18,1老,2005-04-23,1老, , 
怕归,2006,2006-04-17,0老,2006-04-26,4老, , 
怕归,2007,2007-04-15,-2老,2007-04-23,1老, , 
怕归,2008,2008-04-16,-1老,2008-04-22,0老, , 
全玫,2005,2005-04-09,3老,2005-04-16,1老, , 
全玫,2006,2006-04-10,4老,2006-04-16,1老, , 
全玫,2007,2007-04-09,3老,2007-04-16,1老, , 
全玫,2008,2008-04-02,-4老,2008-04-10,-5老, , 
悼滴玫,2005,2005-04-08,4老,2005-04-17,3老, , 
悼滴玫,2006,2006-04-07,3老,2006-04-11,-3老, , 
悼滴玫,2007,2007-04-03,-1老,2007-04-10,-4老, , 
悼滴玫,2008,2008-04-05,1老,2008-04-12,-2老, , 
悼滴玫,2009,2009-03-28,-7老,2009-04-11,-3老, , 
悼滴玫,2010,2010-04-07,3老,2010-04-23,9老, , 
悼滴玫,2011,2011-04-06,2老,2011-04-25,11老, , 
悼滴玫,2012,2012-04-16,12老,2012-04-20,6老, , 
悼滴玫,2013,2013-04-21,17老,2013-04-27,13老, , 
悼滴玫,2014,2014-04-07,3老,2014-04-09,-5老, , 
悼滴玫,2015,2015-03-27,-8老,2015-04-03,-11老,2015-04-06, 
荐盔,2005,2005-03-30,1老,2005-04-08,0老, , 
荐盔,2006,2006-03-29,0老,2006-04-07,-1老, , 
荐盔,2007,2007-03-19,-10老,2007-04-07,-1老, , 
荐盔,2008,2008-03-27,-2老,2008-04-06,-2老, , 
荐盔,2009,2009-04-02,4老,2009-04-06,-2老, , 
荐盔,2010,2010-03-27,-2老,2010-04-12,4老, , 
荐盔,2011,2011-04-01,3老,2011-04-13,5老, , 
荐盔,2012,2012-04-12,14老,2012-04-16,8老, , 
荐盔,2013,2013-04-07,9老,2013-04-16,8老, , 
荐盔,2014,2014-03-22,-7老,2014-03-29,-10老, , 
荐盔,2015,2015-03-22,-7老,2015-04-04,-4老,2015-04-09,-2老
荐盔,2016,2016-03-25,-4老,2016-04-02,-6老,2016-04-06,-5老
荐盔,2017,2017-03-22,-7老,2017-04-08,0老,2017-04-10,-1老
荐盔,2018,2018-03-22,-7老,2018-04-02,-6老,2018-04-03,-8老
荐盔,2019,2019-03-23,-6老,2019-04-07,-1老,2019-04-10,-1老
荐盔,2020,2020-03-26,-3老,2020-03-31,-8老,2020-04-05,-6老
荐盔,2021,2021-03-24,-5老,2021-03-29,-10老,2021-03-31,-11老
荐盔,2022,2022-03-30,1老,2022-04-11,3老,2022-04-12,1老
荐盔,2023,2023-03-25,-4老,2023-03-30,-9老,2023-04-01,-10老
荐盔,2024,2024-03-31,2老,2024-04-03,-5老,2024-04-10,-1老
荐盔,2025,2025-04-02,4老,2025-04-07,-1老,2025-04-11,0老
剧乞,2005,2005-04-09,7老,2005-04-22,8老, , 
剧乞,2006,2006-04-06,4老,2006-04-19,5老, , 
剧乞,2007,2007-04-02,0老,2007-04-17,3老, , 
剧乞,2008,2008-04-03,1老,2008-04-15,1老, , 
捞玫,2005,2005-03-25,-3老,2005-04-08,0老, , 
捞玫,2006,2006-03-24,-4老,2006-04-07,-1老,2006-04-11, 
捞玫,2007,2007-03-18,-10老,2007-04-01,-7老, , 
捞玫,2008,2008-03-18,-10老,2008-04-05,-3老, , 
捞玫,2009,2009-03-27,-1老,2009-04-02,-6老, , 
捞玫,2010,2010-04-08,11老,2010-04-15,7老, , 
捞玫,2011,2011-04-05,8老,2011-04-15,7老, , 
捞玫,2012,2012-04-05,8老,2012-04-15,7老, , 
捞玫,2013,2013-03-26,-2老,2013-04-14,6老, , 
捞玫,2014,2014-03-24,-4老,2014-04-01,-7老, , 
捞玫,2015,2015-03-27,-1老,2015-04-04,-4老,2015-04-07, 
颇林,2005,2005-04-05,-1老,2005-04-20,5老, , 
颇林,2006,2006-03-28,-9老,2006-04-10,-5老, , 
颇林,2007,2007-04-04,-2老,2007-04-09,-6老, , 
颇林,2008,2008-04-06,0老,2008-04-12,-3老, , 
颇林,2009,2009-04-03,-3老,2009-04-12,-3老, , 
颇林,2010,2010-04-06,0老,2010-04-20,5老, , 
颇林,2011,2011-04-14,8老,2011-04-22,7老, , 
颇林,2012,2012-04-10,4老,2012-04-18,3老, , 
颇林,2013,2013-04-12,6老,2013-04-21,6老, , 
颇林,2014,2014-03-31,-6老,2014-04-09,-6老, , 
颇林,2015,2015-04-10,4老,2015-04-13,-2老, , 
芭力,2005,2005-03-16,1老,2005-04-04,5老, , 
芭力,2006,2006-03-11,-4老,2006-03-27,-3老, , 
芭力,2007,2007-03-08,-7老,2007-03-25,-5老, , 
芭力,2008,2008-03-14,-1老,2008-03-27,-3老, , 
芭芒,2005,2005-04-05,9老,2005-04-11,5老, , 
芭芒,2006,2006-03-29,2老,2006-04-05,-1老, , 
芭芒,2007,2007-03-23,-4老,2007-03-30,-7老, , 
芭芒,2008,2008-03-27,0老,2008-04-04,-2老, , 
芭芒,2009,2009-03-22,-5老,2009-04-01,-5老, , 
芭芒,2010,2010-03-26,-1老,2010-04-11,5老, , 
芭芒,2011,2011-04-01,5老,2011-04-11,5老, , 
芭芒,2012,2012-04-03,7老,2012-04-12,6老, , 
芭芒,2013,2013-03-19,-8老,2013-04-03,-3老, , 
芭芒,2014,2014-03-24,-3老,2014-03-31,-6老, , 
芭芒,2015,2015-03-25,-2老,2015-03-31,-6老, , 
巢秦,2005,2005-03-14,3老,2005-04-05,6老, , 
巢秦,2006,2006-03-14,3老,2006-03-30,0老, , 
巢秦,2007,2007-03-09,-2老,2007-03-26,-4老, , 
巢秦,2008,2008-03-14,3老,2008-03-28,-2老, , 
剐剧,2005,2005-03-28,12老,2005-04-06,5老, , 
剐剧,2006,2006-03-19,3老,2006-03-31,-1老, , 
剐剧,2007,2007-03-23,7老,2007-03-27,-5老, , 
剐剧,2008,2008-03-16,0老,2008-03-28,-4老, , 
魂没,2005,2005-03-24,5老,2005-04-04,3老, , 
魂没,2006,2006-03-17,-2老,2006-03-30,-2老, , 
魂没,2007,2007-03-14,-5老,2007-03-26,-6老, , 
魂没,2008,2008-03-16,-3老,2008-03-28,-4老, , 
柳林,2005,2005-03-23,3老,2005-04-06,4老, , 
柳林,2006,2006-03-21,1老,2006-03-31,-2老, , 
柳林,2007,2007-03-20,0老,2007-03-27,-6老, , 
柳林,2008,2008-03-16,-4老,2008-03-31,-2老, , 
柳林,2009,2009-03-13,-7老,2009-03-23,-10老, , 
柳林,2010,2010-03-13,-7老,2010-04-03,1老, , 
柳林,2011,2011-03-28,8老,2011-04-08,6老, , 
柳林,2012,2012-03-28,8老,2012-04-07,5老, , 
柳林,2013,2013-03-16,-4老,2013-03-27,-6老, , 
柳林,2014,2014-03-19,-1老,2014-03-27,-6老, , 
柳林,2015,2015-03-22,2老,2015-03-29,-4老, , 
芒盔,2005,2005-03-14,1老,2005-04-06,8老, , 
芒盔,2006,2006-03-10,-3老,2006-03-27,-2老, , 
芒盔,2007,2007-03-15,2老,2007-03-27,-2老, , 
芒盔,2008,2008-03-17,4老,2008-03-27,-2老, , 
芒盔,2009,2009-03-10,-3老,2009-03-21,-8老, , 
芒盔,2010,2010-03-12,-1老,2010-03-29,0老, , 
芒盔,2011,2011-03-14,1老,2011-04-01,3老,2011-04-04,1老
芒盔,2012,2012-03-22,9老,2012-04-05,7老,2012-04-09,6老
芒盔,2013,2013-03-17,4老,2013-03-22,-7老,2013-03-29,-5老
芒盔,2014,2014-03-06,-7老,2014-03-26,-3老,2014-04-02,-1老
芒盔,2015,2015-03-21,8老,2015-03-28,-1老,搬螟,―
芒盔,2016,2016-03-21,8老,2016-03-28,-1老,2016-04-03,0老
芒盔,2017,2017-03-14,1老,2017-03-27,-2老,2017-04-01,-2老
芒盔,2018,2018-03-14,1老,2018-03-28,-1老,2018-03-31,-3老
芒盔,2019,2019-03-11,-2老,2019-03-21,-8老,2019-03-27,-7老
芒盔,2020,2020-03-09,-4老,2020-03-23,-6老,2020-03-26,-8老
芒盔,2021,2021-03-10,-3老,2021-03-18,-11老,2021-03-23,-11老
芒盔,2022,2022-03-14,1老,2022-03-27,-2老,2022-03-31,-3老
芒盔,2023,2023-03-11,-2老,2023-03-21,-8老,2023-03-27,-7老
芒盔,2024,2024-03-16,3老,2024-03-23,-6老,2024-03-31,-3老
芒盔,2025,2025-03-20,7老,2025-03-27,-2老,2025-04-02,-1老
烹康,2005,2005-03-15,0老,2005-04-04,5老, , 
烹康,2006,2006-03-15,0老,2006-03-26,-4老, , 
烹康,2007,2007-03-12,-3老,2007-03-25,-5老, , 
烹康,2008,2008-03-23,8老,2008-03-30,0老, , 
烹康,2009,2009-03-17,2老,2009-03-23,-7老, , 
烹康,2010,2010-03-13,-2老,2010-03-30,0老, , 
烹康,2011,2011-03-16,1老,2011-03-31,1老, , 
烹康,2012,2012-03-19,4老,2012-04-05,6老, , 
烹康,2013,2013-03-15,0老,2013-03-25,-5老, , 
烹康,2014,2014-03-21,6老,2014-03-27,-3老, , 
烹康,2015,2015-03-23,8老,2015-03-28,-2老, , 
钦玫,2005,2005-03-21,4老,2005-04-02,3老, , 
钦玫,2006,2006-03-15,-2老,2006-03-27,-3老, , 
钦玫,2007,2007-03-09,-8老,2007-03-23,-7老, , 
钦玫,2008,2008-03-16,-1老,2008-03-26,-4老, , 
备固,2005,2005-03-26,8老,2005-04-07,4老, , 
备固,2006,2006-03-24,6老,2006-04-03,0老, , 
备固,2007,2007-03-21,3老,2007-03-28,-6老, , 
备固,2008,2008-03-21,3老,2008-04-01,-2老, , 
备固,2009,2009-03-17,-1老,2009-03-25,-9老, , 
备固,2010,2010-03-26,8老,2010-04-08,5老, , 
备固,2011,2011-03-23,5老,2011-04-07,4老, , 
备固,2012,2012-03-26,8老,2012-04-09,6老, , 
备固,2013,2013-03-18,0老,2013-03-31,-3老, , 
备固,2014,2014-03-18,0老,2014-03-28,-6老, , 
备固,2015,2015-03-18,0老,2015-03-28,-6老, , 
巩版,2005,2005-03-29,-2老,2005-04-15,5老, , 
巩版,2006,2006-03-24,-7老,2006-04-08,-2老, , 
巩版,2007,2007-03-24,-7老, , , , 
巩版,2008,2008-03-25,-6老,2008-04-07,-3老, , 
豪拳,2005,2005-04-08,4老,2005-04-19,2老, , 
豪拳,2006,2006-04-03,-1老,2006-04-18,1老, , 
豪拳,2007,2007-03-27,-8老,2007-04-13,-4老, , 
豪拳,2008,2008-04-03,-1老,2008-04-16,-1老, , 
惑林,2005,2005-04-05,11老,2005-04-08,4老, , 
惑林,2006,2006-03-31,6老,2006-04-03,-1老, , 
惑林,2007,2007-03-23,-2老,2007-04-01,-3老, , 
惑林,2008,2008-03-22,-3老,2008-04-03,-1老, , 
惑林,2009,2009-03-14,-11老,2009-03-27,-8老, , 
惑林,2010,2010-03-19,-6老,2010-04-12,8老, , 
惑林,2011,2011-03-30,5老,2011-04-11,7老, , 
惑林,2012,2012-04-03,9老,2012-04-12,8老, , 
惑林,2013,2013-03-29,4老,2013-04-05,1老, , 
惑林,2014,2014-03-27,2老,2014-03-31,-4老,2014-04-01, 
惑林,2015,2015-03-20,-5老,2015-03-30,-5老, , 
救悼,2005,2005-03-21,-4老,2005-04-09,4老, , 
救悼,2006,2006-03-31,6老,2006-04-07,2老, , 
救悼,2007,2007-03-20,-5老,2007-04-04,-1老, , 
救悼,2008,2008-03-22,-3老,2008-04-06,1老, , 
救悼,2009,2009-03-13,-12老,2009-03-29,-7老, , 
救悼,2010,2010-03-12,-13老,2010-04-10,5老, , 
救悼,2011,2011-04-04,10老,2011-04-11,6老, , 
救悼,2012,2012-04-02,8老,2012-04-11,6老, , 
救悼,2013,2013-03-27,2老,2013-04-05,0老, , 
救悼,2014,2014-03-30,5老,2014-04-01,-4老, , 
救悼,2015,2015-03-26,1老,2015-04-01,-4老,搬螟,―
救悼,2016,2016-03-23,-2老,2016-04-02,-3老,2016-04-05,-3老
救悼,2017,2017-04-03,9老,2017-04-05,0老,2017-04-07,-1老
救悼,2018,2018-03-28,3老,2018-03-30,-6老,2018-04-01,-7老
救悼,2019,2019-03-25,0老,2019-03-30,-6老,2019-04-02,-6老
救悼,2020,2020-03-24,-1老,2020-03-27,-9老,2020-03-28,-11老
救悼,2021,2021-03-22,-3老,2021-03-26,-10老,2021-03-30,-9老
救悼,2022,2022-03-28,3老,2022-04-02,-3老,2022-04-07,-1老
救悼,2023,2023-03-09,-16老,2023-03-23,-13老,2023-03-27,-12老
救悼,2024,2024-03-17,-8老,2024-04-01,-4老,2024-04-02,-6老
救悼,2025,2025-03-25,0老,2025-04-02,-3老,2025-04-07,-1老
康傣,2005,2005-04-02,15老,2005-04-07,4老, , 
康傣,2006,2006-03-21,3老,2006-04-01,-2老, , 
康傣,2007,2007-03-08,-10老,2007-03-28,-6老, , 
康傣,2008,2008-03-20,2老,2008-04-03,0老, , 
康林,2005,2005-04-03,5老,2005-04-14,3老, , 
康林,2006,2006-03-27,-2老,2006-04-10,-1老, , 
康林,2007,2007-03-24,-5老,2007-04-08,-3老, , 
康林,2008,2008-03-26,-3老,2008-04-08,-3老, , 
康玫,2005,2005-03-25,5老,2005-04-07,4老, , 
康玫,2006,2006-03-23,3老,2006-04-04,1老, , 
康玫,2007,2007-03-22,2老,2007-04-01,-2老, , 
康玫,2008,2008-03-26,6老,2008-04-04,1老, , 
匡釜档,2005,2005-04-03,8老,2005-04-13,8老,2005-04-22,13老
匡釜档,2006,2006-04-01,6老,2006-04-06,1老, , 
匡釜档,2007,2007-03-28,2老,2007-04-03,-2老, , 
匡釜档,2008,2008-03-18,-8老,2008-04-03,-2老, , 
匡釜档,2009,2009-03-20,-6老,2009-04-05,0老, , 
匡釜档,2010,2010-03-29,3老,2010-04-06,1老, , 
匡釜档,2011,2011-03-29,3老,2011-04-10,5老, , 
匡釜档,2012,2012-04-05,10老,2012-04-14,9老, , 
匡釜档,2013,2013-03-29,3老,2013-04-12,7老, , 
匡釜档,2014,2014-03-20,-6老,2014-04-02,-3老, , 
匡釜档,2015,2015-03-25,-1老,2015-04-02,-3老,搬螟,―
匡釜档,2016,2016-03-27,1老,2016-04-02,-3老,2016-04-06,-3老
匡釜档,2017,2017-03-22,-4老,2017-04-03,-2老,2017-04-07,-2老
匡釜档,2018,2018-03-23,-3老,2018-04-02,-3老,2018-04-09,0老
匡釜档,2019,2019-03-18,-8老,2019-03-20,-16老,2019-03-26,-14老
匡釜档,2020,2020-03-22,-4老,2020-03-25,-11老,2020-03-31,-9老
匡釜档,2021,2021-03-22,-4老,2021-03-24,-12老,2021-03-28,-12老
匡釜档,2022,2022-03-26,0老,2022-04-04,-1老,2022-04-06,-3老
匡釜档,2023,2023-03-11,-15老,2023-03-20,-16老,2023-03-24,-16老
匡釜档,2024,2024-03-17,-9老,2024-03-27,-9老,2024-04-02,-7老
匡釜档,2025,2025-03-25,-1老,2025-03-30,-6老,2025-04-02,-7老
匡柳,2005,2005-03-27,9老,2005-04-07,3老, , 
匡柳,2006,2006-03-18,0老,2006-04-03,-1老, , 
匡柳,2007,2007-03-09,-9老,2007-03-30,-5老, , 
匡柳,2008,2008-03-20,2老,2008-04-05,1老, , 
匡柳,2009,2009-03-18,0老,2009-03-30,-5老, , 
匡柳,2010,2010-03-27,9老,2010-04-17,13老, , 
匡柳,2011,2011-03-19,1老,2011-04-10,6老, , 
匡柳,2012,2012-03-29,11老,2012-04-12,8老, , 
匡柳,2013,2013-03-19,1老,2013-04-03,-1老, , 
匡柳,2014,2014-03-24,6老,2014-03-31,-4老, , 
匡柳,2015,2015-03-23,5老,2015-03-31,-4老,2015-04-03, 
狼己,2005,2005-04-02,2老,2005-04-12,2老, , 
狼己,2006,2006-04-02,2老,2006-04-11,1老, , 
狼己,2007,2007-04-04,4老,2007-04-10,0老, , 
狼己,2008,2008-04-02,2老,2008-04-08,-2老, , 
器亲,2005,2005-03-23,7老,2005-04-05,7老, , 
器亲,2006,2006-03-10,-6老,2006-03-28,-1老, , 
器亲,2007,2007-03-08,-8老,2007-03-23,-6老, , 
器亲,2008,2008-03-13,-3老,2008-03-28,-1老, , 
器亲,2009,2009-03-11,-5老,2009-03-20,-9老, , 
器亲,2010,2010-03-22,6老,2010-04-03,5老, , 
器亲,2011,2011-03-30,14老,2011-04-02,4老, , 
器亲,2012,2012-03-29,13老,2012-04-05,7老, , 
器亲,2013,2013-03-06,-10老,2013-03-20,-9老, , 
器亲,2014,2014-03-20,4老,2014-03-27,-2老, , 
器亲,2015,2015-03-14,-2老,2015-03-27,-2老,2015-04-10,6老
器亲,2016,2016-03-17,1老,2016-03-28,-1老,2016-03-31,-4老
器亲,2017,2017-03-13,-3老,2017-03-27,-2老,2017-03-31,-4老
器亲,2018,2018-03-13,-3老,2018-03-27,-2老,2018-03-29,-6老
器亲,2019,2019-03-09,-7老,2019-03-21,-8老,2019-03-27,-8老
器亲,2020,2020-03-08,-8老,2020-03-23,-6老,2020-03-26,-9老
器亲,2021,2021-03-11,-5老,2021-03-23,-6老,2021-03-25,-10老
器亲,2022,2022-03-10,-6老,2022-03-27,-2老,2022-03-30,-5老
器亲,2023,2023-03-08,-8老,2023-03-16,-13老,2023-03-21,-14老
器亲,2024,2024-03-15,-1老,2024-03-29,0老,2024-04-02,-2老
器亲,2025,2025-03-21,5老,2025-03-26,-3老,2025-03-27,-8老
堡林,2005,2005-03-28,15老,2005-04-07,7老, , 
堡林,2006,2006-03-20,7老,2006-03-30,-1老, , 
堡林,2007,2007-03-13,0老,2007-03-25,-6老, , 
堡林,2008,2008-03-13,0老,2008-03-31,0老, , 
堡林,2009,2009-03-16,3老,2009-03-22,-9老, , 
堡林,2010,2010-03-11,-2老,2010-03-31,0老, , 
堡林,2011,2011-03-15,2老,2011-04-06,6老, , 
堡林,2012,2012-03-16,3老,2012-04-08,8老, , 
堡林,2013,2013-03-13,0老,2013-03-29,-2老, , 
堡林,2014,2014-03-17,4老,2014-03-28,-3老, , 
堡林,2015,2015-03-14,1老,2015-03-29,-2老,2015-04-03,-1老
堡林,2016,2016-03-13,0老,2016-03-29,-2老,2016-03-31,-4老
堡林,2017,2017-03-15,2老,2017-04-02,2老,2017-04-09,5老
堡林,2018,2018-03-12,-1老,2018-03-27,-4老,2018-03-29,-6老
堡林,2019,2019-02-24,-17老,2019-03-27,-4老,2019-03-29,-6老
堡林,2020,2020-02-24,-18老,2020-03-23,-8老,2020-03-29,-6老
堡林,2021,2021-02-21,-20老,2021-03-18,-13老,2021-03-24,-11老
堡林,2022,2022-02-28,-13老,2022-03-25,-6老,2022-03-29,-6老
堡林,2023,2023-02-28,-13老,2023-03-23,-8老,2023-03-26,-9老
堡林,2024,2024-03-17,4老,2024-03-27,-4老,2024-04-01,-3老
堡林,2025,2025-03-24,11老,2025-03-27,-4老,2025-04-04,0老
措备,2005,2005-03-28,12老,2005-04-04,6老, , 
措备,2006,2006-03-23,7老,2006-03-28,-1老, , 
措备,2007,2007-03-20,4老,2007-03-24,-5老, , 
措备,2008,2008-03-15,-1老,2008-03-27,-2老, , 
措备,2009,2009-03-12,-4老,2009-03-22,-7老, , 
措备,2010,2010-03-22,6老,2010-04-05,7老, , 
措备,2011,2011-03-13,-3老,2011-04-02,4老, , 
措备,2012,2012-03-19,3老,2012-04-04,6老, , 
措备,2013,2013-03-11,-5老,2013-03-23,-6老, , 
措备,2014,2014-03-17,1老,2014-03-27,-2老, , 
措备,2015,2015-03-20,4老,2015-03-28,-1老,2015-04-01,-1老
措备,2016,2016-03-22,6老,2016-03-25,-4老,2016-03-31,-2老
措备,2017,2017-03-16,0老,2017-03-29,0老,2017-04-02,0老
措备,2018,2018-03-12,-4老,2018-03-27,-2老,2018-03-29,-4老
措备,2019,2019-03-17,1老,2019-03-21,-8老,2019-03-26,-7老
措备,2020,2020-03-09,-7老,2020-03-21,-8老,2020-03-27,-6老
措备,2021,2021-03-16,0老,2021-03-23,-6老,2021-03-27,-6老
措备,2022,2022-03-21,5老,2022-03-26,-3老,2022-03-30,-3老
措备,2023,2023-03-10,-6老,2023-03-21,-8老,2023-03-25,-8老
措备,2024,2024-03-16,0老,2024-03-27,-2老,2024-04-01,-1老
措备,2025,2025-03-21,5老,2025-03-26,-3老,2025-03-27,-6老
措备(扁),2014,2014-03-17, ,2014-03-27, , , 
措备(扁),2015,2015-03-20, ,2015-03-28, , , 
措傈,2005,2005-04-02,8老,2005-04-08,4老, , 
措傈,2006,2006-03-31,6老,2006-04-08,4老, , 
措傈,2007,2007-03-22,-3老,2007-03-31,-4老, , 
措傈,2008,2008-03-25,0老,2008-04-03,-1老, , 
措傈,2009,2009-03-19,-6老,2009-03-30,-5老, , 
措傈,2010,2010-04-01,7老,2010-04-16,12老, , 
措傈,2011,2011-04-04,10老,2011-04-12,8老, , 
措傈,2012,2012-03-30,5老,2012-04-11,7老, , 
措傈,2013,2013-03-25,0老,2013-04-03,-1老, , 
措傈,2014,2014-03-18,-7老,2014-03-28,-7老, , 
措傈,2015,2015-03-24,-1老,2015-03-29,-6老,2015-04-01,-4老
措傈,2016,2016-03-19,-6老,2016-03-31,-4老,2016-04-02,-3老
措傈,2017,2017-03-20,-5老,2017-04-03,-1老,2017-04-06,1老
措傈,2018,2018-03-26,1老,2018-03-31,-4老,2018-04-02,-3老
措傈,2019,2019-03-25,0老,2019-03-29,-6老,2019-04-06,1老
措傈,2020,2020-03-12,-13老,2020-03-24,-11老,2020-03-29,-7老
措傈,2021,2021-03-11,-14老,2021-03-23,-12老,2021-03-26,-10老
措傈,2022,2022-03-19,-6老,2022-03-31,-4老,2022-04-05,0老
措傈,2023,2023-03-19,-6老,2023-03-22,-13老,2023-03-27,-9老
措傈,2024,2024-03-15,-10老,2024-03-30,-5老,2024-04-02,-3老
措傈,2025,2025-03-26,1老,2025-04-01,-3老,2025-04-05,0老
何魂,2005,2005-03-15,2老,2005-04-03,6老, , 
何魂,2006,2006-03-08,-5老,2006-03-27,-1老, , 
何魂,2007,2007-03-04,-9老,2007-03-25,-3老, , 
何魂,2008,2008-03-10,-3老,2008-03-25,-3老, , 
何魂,2009,2009-03-12,-1老,2009-03-20,-8老, , 
何魂,2010,2010-03-11,-2老,2010-03-30,2老, , 
何魂,2011,2011-03-17,4老,2011-04-01,4老, , 
何魂,2012,2012-03-19,6老,2012-04-05,8老, , 
何魂,2013,2013-03-04,-9老,2013-03-21,-7老, , 
何魂,2014,2014-03-05,-8老,2014-03-25,-3老, , 
何魂,2015,2015-03-13,0老,2015-03-28,0老,搬螟,―
何魂,2016,2016-03-09,-4老,2016-03-28,0老,2016-04-05, 
何魂,2017,2017-03-16,3老,2017-03-28,0老,2017-04-01, 
何魂,2018,2018-03-10,-3老,2018-03-27,-1老,2018-03-30, 
何魂,2019,2019-03-13,0老,2019-03-22,-6老,2019-03-28, 
何魂,2020,2020-03-09,-4老,2020-03-23,-5老,2020-03-28, 
何魂,2021,2021-03-08,-5老,2021-03-22,-6老,2021-03-26, 
何魂,2022,2022-03-21,8老,2022-03-28,0老,2022-04-01, 
何魂,2023,2023-03-12,-1老,2023-03-19,-9老,2023-03-26, 
何魂,2024,2024-03-16,3老,2024-03-25,-3老,2024-04-02, 
何魂,2025,2025-03-16,3老,2025-03-28,0老,2025-04-03, 
辑匡,2005,2005-04-01,8老,2005-04-12,4老, , 
辑匡,2006,2006-04-04,11老,2006-04-10,2老, , 
辑匡,2007,2007-03-14,-10老,2007-04-03,-5老, , 
辑匡,2008,2008-03-24,0老,2008-04-06,-2老, , 
辑匡,2009,2009-03-19,-5老,2009-04-06,-2老, , 
辑匡,2010,2010-03-27,3老,2010-04-12,4老, , 
辑匡,2011,2011-04-01,8老,2011-04-13,5老, , 
辑匡,2012,2012-04-02,9老,2012-04-15,7老, , 
辑匡,2013,2013-04-03,10老,2013-04-15,7老,2013-04-18,8老
辑匡,2014,2014-03-23,-1老,2014-03-28,-11老,2014-03-31,-10老
辑匡,2015,2015-03-25,1老,2015-04-03,-5老,2015-04-06,-4老
辑匡,2016,2016-03-24,0老,2016-04-02,-6老,2016-04-05,-5老
辑匡,2017,2017-03-25,1老,2017-04-06,-2老,2017-04-10,0老
辑匡,2018,2018-03-27,3老,2018-04-02,-6老,2018-04-04,-6老
辑匡,2019,2019-03-22,-2老,2019-04-03,-5老,2019-04-08,-2老
辑匡,2020,2020-03-21,-3老,2020-03-27,-12老,2020-04-01,-9老
辑匡,2021,2021-03-16,-8老,2021-03-24,-15老,2021-03-29,-12老
辑匡,2022,2022-03-26,2老,2022-04-04,-4老,2022-04-08,-2老
辑匡,2023,2023-03-21,-3老,2023-03-25,-14老,2023-03-30,-11老
辑匡,2024,2024-03-23,-1老,2024-04-01,-7老,2024-04-04,-6老
辑匡,2025,2025-03-27,3老,2025-04-04,-4老,2025-04-10,0老
匡魂,2005,2005-03-21,2老,2005-04-05,7老, , 
匡魂,2006,2006-03-11,-8老,2006-03-27,-2老, , 
匡魂,2007,2007-02-27,-20老,2007-03-22,-7老, , 
匡魂,2008,2008-03-21,2老,2008-03-26,-3老, , 
匡魂,2009,2009-03-11,-8老,2009-03-22,-7老, , 
匡魂,2010,2010-03-20,1老,2010-04-03,5老, , 
匡魂,2011,2011-03-25,6老,2011-04-02,4老, , 
匡魂,2012,2012-03-23,4老,2012-04-06,8老, , 
匡魂,2013,2013-03-08,-11老,2013-03-21,-8老, , 
匡魂,2014,2014-03-17,-2老,2014-03-28,-1老, , 
匡魂,2015,2015-03-21,2老,2015-03-28,-1老,搬螟,―
匡魂,2016,2016-03-19,0老,2016-03-28,-1老,2016-03-31, 
匡魂,2017,2017-03-19,0老,2017-03-29,0老,2017-04-02, 
匡魂,2018,2018-03-23,4老,2018-03-29,0老,2018-03-31, 
匡魂,2019,2019-03-18,-1老,2019-03-23,-6老,2019-03-28, 
匡魂,2020,2020-03-20,1老,2020-03-23,-6老,2020-03-27, 
匡魂,2021,2021-03-14,-5老,2021-03-21,-8老,2021-03-26, 
匡魂,2022,2022-03-15,-4老,2022-03-28,-1老,2022-03-30, 
匡魂,2023,2023-03-14,-5老,2023-03-22,-7老,2023-03-24, 
匡魂,2024,2024-03-17,-2老,2024-03-28,-1老,2024-03-30, 
匡魂,2025,2025-03-16,-3老,2025-03-27,-2老,2025-03-29, 
碍拳,2005,2005-04-10,9老,2005-04-19,5老, , 
碍拳,2006,2006-04-10,9老,2006-04-16,2老, , 
碍拳,2007,2007-04-09,8老,2007-04-14,0老, , 
碍拳,2008,2008-04-09,8老,2008-04-14,0老, , 
归飞档,2005,2005-04-07,4老,2005-04-28,9老, , 
归飞档,2006,2006-04-05,2老,2006-04-24,5老, , 
归飞档,2007,2007-03-29,-5老,2007-04-13,-6老, , 
归飞档,2008,2008-03-29,-5老,2008-04-15,-4老, , 
归飞档,2009,2009-04-04,1老,2009-04-18,-1老, , 
归飞档,2010,2010-04-09,6老,2010-04-30,11老, , 
归飞档,2011,2011-04-03,0老,2011-04-28,9老, , 
归飞档,2012,2012-04-09,6老,2012-04-27,8老, , 
归飞档,2013,2013-03-30,-4老,2013-04-26,7老, , 
归飞档,2014,2014-03-25,-9老,2014-04-11,-8老, , 
归飞档,2015,2015-04-05,2老,2015-04-20,1老,2015-04-27, 
归飞档,2016,2016-04-11,8老,2016-04-17,-2老,2016-04-20, 
归飞档,2017,2017-04-03,0老,2017-04-13,-6老,2017-04-20, 
归飞档,2018,2018-04-11,8老,2018-04-23,4老,2018-04-30, 
归飞档,2019,2019-04-05,2老,2019-04-15,-4老,2019-04-18, 
归飞档,2020,2020-04-01,-2老,2020-04-13,-6老,2020-04-18, 
归飞档,2021,2021-04-02,-1老,2021-04-13,-6老,2021-04-19, 
归飞档,2022,2022-04-08,5老,2022-04-21,2老,2022-04-26, 
归飞档,2023,2023-03-27,-7老,2023-04-10,-9老,2023-04-14, 
归飞档,2024,2024-03-29,-5老,2024-04-14,-5老,2024-04-17, 
归飞档,2025,2025-04-08,5老,2025-04-21,2老,2025-04-23, 
牢玫,2005,2005-04-04,7老,2005-04-16,4老, , 
牢玫,2006,2006-04-06,9老,2006-04-14,2老, , 
牢玫,2007,2007-04-01,4老,2007-04-10,-2老, , 
牢玫,2008,2008-03-30,2老,2008-04-08,-4老, , 
牢玫,2009,2009-03-23,-5老,2009-04-09,-3老, , 
牢玫,2010,2010-04-06,9老,2010-04-20,8老, , 
牢玫,2011,2011-04-04,7老,2011-04-20,8老, , 
牢玫,2012,2012-04-09,12老,2012-04-19,7老, , 
牢玫,2013,2013-04-03,6老,2013-04-17,5老, , 
牢玫,2014,2014-03-19,-9老,2014-03-30,-13老, , 
牢玫,2015,2015-03-20,-8老,2015-04-08,-4老,2015-04-11,-2老
牢玫,2016,2016-03-23,-5老,2016-04-06,-6老,2016-04-11,-2老
牢玫,2017,2017-03-30,2老,2017-04-10,-2老,2017-04-14,1老
牢玫,2018,2018-04-02,5老,2018-04-06,-6老,2018-04-12,-1老
牢玫,2019,2019-04-03,6老,2019-04-08,-4老,2019-04-15,2老
牢玫,2020,2020-03-26,-2老,2020-03-30,-13老,2020-04-06,-7老
牢玫,2021,2021-03-26,-2老,2021-03-31,-12老,2021-04-02,-11老
牢玫,2022,2022-03-28,0老,2022-04-09,-3老,2022-04-12,-1老
牢玫,2023,2023-03-24,-4老,2023-04-02,-10老,2023-04-03,-10老
牢玫,2024,2024-03-26,-2老,2024-04-03,-9老,2024-04-07,-6老
牢玫,2025,2025-03-29,1老,2025-04-11,-1老,2025-04-16,3老
绊蕊,2005,2005-03-21,3老,2005-04-08,7老, , 
绊蕊,2006,2006-03-18,0老,2006-04-01,0老, , 
绊蕊,2007,2007-03-13,-5老,2007-03-27,-5老, , 
绊蕊,2008,2008-03-15,-3老,2008-03-28,-4老, , 
格器,2005,2005-03-25,8老,2005-04-11,8老, , 
格器,2006,2006-03-20,3老,2006-04-07,4老, , 
格器,2007,2007-03-20,3老,2007-03-31,-3老, , 
格器,2008,2008-03-17,0老,2008-03-31,-3老, , 
格器,2009,2009-03-15,-2老,2009-04-03,0老, , 
格器,2010,2010-03-25,8老,2010-04-05,2老, , 
格器,2011,2011-03-10,-7老,2011-04-09,6老, , 
格器,2012,2012-03-15,-2老,2012-04-11,8老, , 
格器,2013,2013-03-12,-5老,2013-03-31,-3老, , 
格器,2014,2014-03-15,-2老,2014-03-28,-6老, , 
格器,2015,2015-03-13,-4老,2015-03-26,-8老,2015-04-02,-5老
格器,2016,2016-03-14,-3老,2016-03-31,-3老,2016-04-02,-5老
格器,2017,2017-03-17,0老,2017-04-02,-1老,2017-04-10,3老
格器,2018,2018-03-16,-1老,2018-03-29,-5老,2018-04-02,-5老
格器,2019,2019-03-13,-4老,2019-03-31,-3老,2019-04-05,-2老
格器,2020,2020-03-02,-15老,2020-03-26,-8老,2020-03-29,-9老
格器,2021,2021-03-02,-15老,2021-03-24,-10老,2021-03-29,-9老
格器,2022,2022-03-15,-2老,2022-03-31,-3老,2022-04-04,-3老
格器,2023,2023-03-13,-4老,2023-03-26,-8老,2023-03-31,-7老
格器,2024,2024-03-12,-5老,2024-03-29,-5老,2024-04-02,-5老
格器,2025,2025-03-19,2老,2025-03-27,-7老,2025-04-02,-5老
鉴玫,2011, , ,2011-04-08, , , 
鉴玫,2012,2012-04-05, ,2012-04-11, , , 
鉴玫,2013,2013-03-26, ,2013-04-03, , , 
鉴玫,2014,2014-03-22, ,2014-03-30, , , 
鉴玫,2015,2015-03-21, ,2015-03-27, , , 
咯荐,2005,2005-03-16,1老,2005-04-07,7老,2005-04-14,9老
咯荐,2006,2006-03-16,1老,2006-03-31,0老,2006-04-06,1老
咯荐,2007,2007-03-05,-10老,2007-03-26,-5老, , 
咯荐,2008,2008-03-10,-5老,2008-03-30,-1老, , 
咯荐,2009,2009-03-08,-7老,2009-03-24,-7老, , 
咯荐,2010,2010-03-20,5老,2010-04-04,4老, , 
咯荐,2011,2011-03-15,0老,2011-04-05,5老, , 
咯荐,2012,2012-03-22,7老,2012-04-06,6老, , 
咯荐,2013,2013-03-11,-4老,2013-03-25,-6老, , 
咯荐,2014,2014-03-06,-9老,2014-03-26,-5老, , 
咯荐,2015,2015-03-20,5老,2015-03-28,-3老,2015-03-30,-6老
咯荐,2016,2016-03-12,-3老,2016-03-27,-4老,2016-03-30,-6老
咯荐,2017,2017-03-14,-1老,2017-03-31,0老,2017-04-03,-2老
咯荐,2018,2018-03-16,1老,2018-03-29,-2老,2018-04-01,-4老
咯荐,2019,2019-03-07,-8老,2019-03-26,-5老,2019-03-29,-7老
咯荐,2020,2020-03-12,-3老,2020-03-25,-6老,2020-03-27,-9老
咯荐,2021,2021-03-15,0老,2021-03-21,-10老,2021-03-26,-10老
咯荐,2022,2022-03-16,1老,2022-03-29,-2老,2022-04-03,-2老
咯荐,2023,2023-03-18,3老,2023-03-23,-8老,2023-03-28,-8老
咯荐,2024,2024-03-21,6老,2024-03-26,-5老,2024-04-01,-4老
咯荐,2025,2025-03-14,-1老,2025-03-30,-1老,2025-04-06,1老
肯档,2005,2005-03-12,-3老,2005-04-08,7老, , 
肯档,2006,2006-03-10,-5老,2006-04-02,1老, , 
肯档,2007,2007-03-10,-5老,2007-03-28,-4老, , 
肯档,2008,2008-03-08,-7老,2008-03-31,-1老, , 
肯档,2009,2009-03-07,-8老,2009-03-29,-3老, , 
肯档,2010,2010-03-12,-3老,2010-04-03,2老, , 
肯档,2011,2011-03-12,-3老,2011-04-04,3老, , 
肯档,2012,2012-03-24,9老,2012-04-10,9老, , 
肯档,2013,2013-03-18,3老,2013-04-01,0老, , 
肯档,2014,2014-03-16,1老,2014-03-30,-2老, , 
肯档,2015,2015-03-17,2老,2015-03-31,-1老,2015-04-03, 
厘蕊,2005,2005-03-28,6老,2005-04-07,4老, , 
厘蕊,2006,2006-03-24,2老,2006-04-02,-1老, , 
厘蕊,2007,2007-03-20,-2老,2007-03-27,-7老, , 
厘蕊,2008,2008-03-18,-4老,2008-03-28,-6老, , 
林鞠,2005,2005-03-10,-7老,2005-04-09,5老, , 
林鞠,2006,2006-03-15,-2老,2006-04-01,-3老, , 
林鞠,2007,2007-03-14,-3老,2007-03-29,-6老, , 
林鞠,2008,2008-03-13,-4老,2008-04-02,-2老, , 
林鞠,2009,2009-03-19,2老,2009-03-30,-5老, , 
林鞠,2010,2010-03-25,8老,2010-04-05,1老, , 
林鞠,2011,2011-03-22,5老, , , , 
柳档(梅蔓魂),2005,2005-03-30,13老,2005-04-11,10老, , 
柳档(梅蔓魂),2006,2006-03-10,-7老,2006-04-05,4老, , 
柳档(梅蔓魂),2007,2007-03-13,-4老,2007-03-26,-6老, , 
柳档(梅蔓魂),2008,2008-03-10,-7老,2008-03-31,-1老, , 
柳档(梅蔓魂),2009,2009-03-12,-5老,2009-03-23,-9老, , 
柳档(梅蔓魂),2010,2010-03-12,-5老,2010-04-06,5老, , 
柳档(梅蔓魂),2011,2011-03-14,-3老,2011-04-07,6老, , 
柳档(梅蔓魂),2012,2012-03-26,9老,2012-04-12,11老, , 
柳档(梅蔓魂),2013,2013-03-12,-5老,2013-04-01,0老, , 
柳档(梅蔓魂),2014,2014-03-19,2老,2014-03-29,-3老, , 
柳档(梅蔓魂),2015,2015-03-17,0老,2015-03-26,-6老, , 
秦巢,2005,2005-04-06,14老,2005-04-09,4老, , 
秦巢,2006,2006-03-22,-1老,2006-04-05,0老, , 
秦巢,2007,2007-03-19,-4老,2007-03-30,-6老, , 
秦巢,2008,2008-03-24,1老,2008-04-03,-2老, , 
孺魂档,2005,2005-04-03,16老,2005-04-12,6老, , 
孺魂档,2006,2006-03-28,10老,2006-04-09,3老, , 
孺魂档,2007,2007-03-20,2老,2007-04-05,-1老, , 
孺魂档,2008,2008-03-14,-4老,2008-04-01,-5老, , 
孺魂档,2009,2009-03-20,2老,2009-04-02,-4老, , 
孺魂档,2010,2010-03-17,-1老,2010-04-04,-2老, , 
孺魂档,2011,2011-03-21,3老,2011-04-13,7老, , 
孺魂档,2012,2012-03-30,12老,2012-04-17,11老, , 
孺魂档,2013,2013-03-22,4老,2013-04-10,4老, , 
孺魂档,2014,2014-03-22,4老,2014-04-03,-3老, , 
孺魂档,2015,2015-03-22,4老,2015-03-31,-6老,2015-04-15, 
孺魂档,2016,2016-03-28,10老,2016-04-03,-3老,2016-04-08, 
孺魂档,2017,2017-03-21,3老,2017-04-06,0老,2017-04-10, 
孺魂档,2018,2018-03-30,12老,2018-04-05,-1老,2018-04-11, 
孺魂档,2019,2019-03-12,-6老,2019-04-04,-2老,2019-04-10, 
孺魂档,2020,2020-03-24,6老,2020-04-08,2老,2020-04-16, 
孺魂档,2021,2021-03-28,10老,2021-04-01,-5老,2021-04-11, 
孺魂档,2022,2022-03-18,0老,2022-04-08,2老,2022-04-13, 
孺魂档,2023,2023-03-20,2老,2023-04-02,-4老,2023-04-06, 
孺魂档,2024,2024-03-15,-3老,2024-03-31,-6老,2024-04-04, 
孺魂档,2025,2025-03-21,3老,2025-04-06,0老,2025-04-12, 
绊芒,2011,2011-04-02, ,2011-04-11, , , 
绊芒,2012,2012-03-27, ,2012-04-15, , , 
绊芒,2013,2013-03-22, ,2013-04-09, , , 
绊芒,2014,2014-03-24, ,2014-03-31, , , 
绊芒,2015,2015-03-18, ,2015-04-03, , , 
绊芒焙,2009,2009-03-18, ,2009-04-01, , , 
绊芒焙,2010,2010-03-16, ,2010-04-06, , , 
焙魂,2005,2005-04-05,10老,2005-04-16,5老, , 
焙魂,2006,2006-04-01,6老,2006-04-10,-1老, , 
焙魂,2007,2007-03-28,2老,2007-04-05,-6老, , 
焙魂,2008,2008-03-26,0老,2008-04-06,-5老, , 
焙魂,2009,2009-03-20,-6老,2009-04-06,-5老, , 
焙魂,2010,2010-03-19,-7老,2010-04-06,-5老, , 
焙魂,2011,2011-04-04,9老,2011-04-18,7老, , 
焙魂,2012,2012-03-31,5老,2012-04-16,5老, , 
焙魂,2013,2013-03-25,-1老,2013-04-12,1老, , 
焙魂,2014,2014-03-25,-1老,2014-04-01,-10老, , 
焙魂,2015,2015-03-19,-7老,2015-04-05,-6老,2015-04-09, 
巢盔,2005,2005-04-08,7老,2005-04-11,5老, , 
巢盔,2006,2006-04-04,3老,2006-04-08,2老, , 
巢盔,2007,2007-03-28,-4老,2007-03-31,-6老, , 
巢盔,2008,2008-04-01,0老,2008-04-04,-2老, , 
巢盔,2009,2009-03-18,-14老,2009-03-28,-9老, , 
巢盔,2010,2010-04-05,4老,2010-04-08,2老, , 
巢盔,2011,2011-04-08,7老,2011-04-12,6老, , 
巢盔,2012,2012-04-09,8老,2012-04-12,6老, , 
巢盔,2013,2013-03-31,-1老,2013-04-03,-3老, , 
巢盔,2014,2014-03-28,-4老,2014-03-30,-7老, , 
巢盔,2015,2015-03-30,-2老,2015-04-01,-5老,2015-04-03, 
何救,2005,2005-03-20,-1老,2005-04-06,-1老, , 
何救,2006,2006-03-17,-4老,2006-04-06,-1老, , 
何救,2007,2007-03-16,-5老,2007-03-30,-8老, , 
何救,2008,2008-03-13,-8老,2008-04-07,0老, , 
烙角,2005,2005-04-02,2老,2005-04-12,1老, , 
烙角,2006,2006-04-05,5老,2006-04-14,3老, , 
烙角,2007,2007-03-30,-1老,2007-04-08,-3老, , 
烙角,2008,2008-03-25,-6老,2008-04-04,-7老, , 
厘荐,2005,2005-04-03,0老,2005-04-17,4老, , 
厘荐,2006,2006-04-05,2老,2006-04-12,-1老, , 
厘荐,2007,2007-04-01,-2老,2007-04-08,-5老, , 
厘荐,2008,2008-04-05,2老,2008-04-11,-2老, , 
傈林,2005,2005-04-04,12老,2005-04-09,6老, , 
傈林,2006,2006-03-25,2老,2006-04-05,2老, , 
傈林,2007,2007-03-21,-2老,2007-03-27,-7老, , 
傈林,2008,2008-03-23,0老,2008-04-02,-1老, , 
傈林,2009,2009-03-17,-6老,2009-03-31,-3老, , 
傈林,2010,2010-03-28,5老,2010-04-05,2老, , 
傈林,2011,2011-04-01,9老,2011-04-10,7老, , 
傈林,2012,2012-04-01,9老,2012-04-10,7老, , 
傈林,2013,2013-03-25,2老,2013-04-03,0老, , 
傈林,2014,2014-03-22,-1老,2014-03-28,-6老, , 
傈林,2015,2015-03-17,-6老,2015-03-30,-4老,2015-04-10,2老
傈林,2016,2016-03-13,-10老,2016-03-27,-7老,2016-04-05,-3老
傈林,2017,2017-03-11,-12老,2017-04-02,-1老,2017-04-05,-3老
傈林,2018,2018-03-14,-9老,2018-03-27,-7老,2018-04-01,-7老
傈林,2019,2019-03-12,-11老,2019-03-29,-5老,2019-04-05,-3老
傈林,2020,2020-03-09,-14老,2020-03-26,-8老,2020-03-31,-8老
傈林,2021,2021-03-08,-15老,2021-03-18,-16老,2021-03-25,-14老
傈林,2022,2022-03-14,-9老,2022-03-30,-4老,2022-04-01,-7老
傈林,2023,2023-03-13,-10老,2023-03-22,-12老,2023-03-26,-13老
傈林,2024,2024-03-15,-8老,2024-03-26,-8老,2024-03-31,-8老
傈林,2025,2025-03-21,-2老,2025-03-27,-7老,2025-04-01,-7老
沥谰,2005,2005-04-04,9老,2005-04-09,4老, , 
沥谰,2006,2006-03-26,0老,2006-04-07,2老, , 
沥谰,2007,2007-03-24,-2老,2007-03-29,-7老, , 
沥谰,2008,2008-03-23,-3老,2008-04-04,-1老, , 
沥谰,2009,2009-03-25,-1老,2009-04-01,-4老, , 
沥谰,2010,2010-03-27,1老,2010-04-06,1老, , 
沥谰,2011,2011-04-04,9老,2011-04-11,6老, , 
沥谰,2012,2012-03-30,4老,2012-04-12,7老, , 
沥谰,2013,2013-03-25,-1老,2013-04-05,0老,2013-04-12, 
沥谰,2014,2014-03-24,-2老,2014-03-31,-5老,2014-04-04, 
沥谰,2015,2015-03-26,0老,2015-04-02,-3老,2015-04-05, 
绊魂,2005,2005-03-17,4老,2005-04-04,8老, , 
绊魂,2006,2006-03-10,-3老,2006-03-26,-1老, , 
绊魂,2007,2007-03-07,-6老,2007-03-21,-6老, , 
绊魂,2008,2008-03-09,-4老,2008-03-25,-2老, , 
绊魂,2009,2009-03-10,-3老,2009-03-20,-7老, , 
绊魂,2010,2010-03-06,-7老,2010-03-22,-5老, , 
绊魂,2011,2011-03-10,-3老,2011-03-28,1老, , 
绊魂,2012,2012-03-20,7老,2012-04-05,9老, , 
绊魂,2013,2013-03-08,-5老,2013-03-27,0老, , 
绊魂,2014,2014-03-19,6老,2014-03-28,1老, , 
绊魂,2015,2015-03-20,7老,2015-03-30,3老, , 
辑蓖器,2005,2005-03-09,0老,2005-04-01,8老, , 
辑蓖器,2006,2006-03-11,2老,2006-03-25,1老, , 
辑蓖器,2007,2007-03-05,-4老,2007-03-23,-1老, , 
辑蓖器,2008,2008-03-05,-4老,2008-03-22,-2老, , 
辑蓖器,2009,2009-03-04,-5老,2009-03-19,-5老, , 
辑蓖器,2010,2010-03-05,-4老,2010-03-17,-7老, , 
辑蓖器,2011,2011-03-08,-1老,2011-03-28,4老, , 
辑蓖器,2012,2012-03-19,10老,2012-03-29,5老, , 
辑蓖器,2013,2013-03-10,1老,2013-03-17,-7老, , 
辑蓖器,2014,2014-03-18,9老,2014-03-25,1老, , 
辑蓖器,2015,2015-03-12,3老,2015-03-25,1老,2015-04-01, 
辑蓖器,2019,2019-03-15,6老,2019-03-25,1老,2019-03-30, 
辑蓖器,2020,2020-03-13,4老,2020-03-26,2老,2020-04-01, 
辑蓖器,2021,2021-03-12,3老,2021-03-18,-6老,2021-03-22, 
辑蓖器,2022,2022-03-15,6老,2022-03-25,1老,2022-03-29, 
辑蓖器,2023,2023-03-09,0老,2023-03-24,0老,2023-03-31, 
辑蓖器,2024,2024-03-22,13老,2024-03-30,6老,2024-04-02, 
辑蓖器,2025,2025-03-24,15老,2025-03-27,3老,2025-04-07, 
己魂,2005,2005-03-16,4老,2005-04-06,10老, , 
己魂,2006,2006-03-13,1老,2006-03-27,0老, , 
己魂,2007,2007-03-06,-6老,2007-03-21,-6老, , 
己魂,2008,2008-03-05,-7老,2008-03-23,-4老, , 
己魂,2009,2009-03-08,-4老,2009-03-20,-7老, , 
己魂,2010,2010-03-08,-4老,2010-03-22,-5老, , 
己魂,2011,2011-03-08,-4老,2011-03-31,4老, , 
己魂,2012,2012-03-20,8老,2012-04-01,5老, , 
己魂,2013,2013-03-16,4老,2013-03-26,-1老,2013-04-01, 
己魂,2014,2014-03-18,6老,2014-03-21,-6老,2014-03-31, 
己魂,2015,2015-03-20,8老,2015-03-27,0老, , 
己魂,2008,2008-03-05, ,2008-03-23, , , 
己魂器,2005,2005-03-16, ,2005-04-06, , , 
己魂器,2006,2006-03-13, ,2006-03-27, , , 
己魂器,2007,2007-03-06, ,2007-03-21, , , 
力林,2005,2005-03-19,9老,2005-04-03,9老, , 
力林,2006,2006-03-11,1老,2006-03-25,0老, , 
力林,2007,2007-03-07,-3老,2007-03-22,-3老, , 
力林,2008,2008-03-05,-5老,2008-03-23,-2老, , 
力林,2009,2009-03-08,-2老,2009-03-19,-6老, , 
力林,2010,2010-03-08,-2老,2010-03-19,-6老, , 
力林,2011,2011-03-15,5老,2011-03-28,3老, , 
力林,2012,2012-03-16,6老,2012-03-30,5老, , 
力林,2013,2013-03-11,1老,2013-03-18,-7老, , 
力林,2014,2014-03-14,4老,2014-03-25,0老, , 
力林,2015,2015-03-11,1老,2015-03-25,0老,包螟 救凳,―
力林,2016,2016-03-06,-4老,2016-03-21,-4老,2016-03-29, 
力林,2017,2017-03-11,1老,2017-03-28,3老,2017-04-04, 
力林,2018,2018-03-11,1老,2018-03-22,-3老,2018-03-27, 
力林,2019,2019-03-11,1老,2019-03-25,0老,2019-03-29, 
力林,2020,2020-03-13,3老,2020-03-24,-1老,2020-03-27, 
力林,2021,2021-03-09,-1老,2021-03-17,-8老,2021-03-22, 
力林,2022,2022-03-17,7老,2022-03-25,0老,2022-03-29, 
力林,2023,2023-03-09,-1老,2023-03-22,-3老,2023-03-27, 
力林,2024,2024-03-18,8老,2024-03-23,-2老,2024-04-01, 
力林,2025,2025-03-21,11老,2025-03-26,1老,2025-03-27, 
陛魂,2005,2005-03-31,4老,2005-04-11,2老, , 
陛魂,2006,2006-03-29,2老,2006-04-09,0老, , 
陛魂,2007,2007-03-23,-4老,2007-04-05,-4老, , 
陛魂,2008,2008-03-26,-1老,2008-04-06,-3老, , 
焊飞,2005,2005-03-31,5老,2005-04-14,4老, , 
焊飞,2006,2006-03-24,-2老,2006-04-09,-1老, , 
焊飞,2007,2007-03-20,-6老,2007-04-05,-5老, , 
焊飞,2008,2008-03-26,0老,2008-04-08,-2老, , 
焊飞,2009,2009-03-18,-8老,2009-04-07,-3老, , 
焊飞,2010,2010-03-27,1老,2010-04-09,-1老, , 
焊飞,2011,2011-04-01,6老,2011-04-15,5老, , 
焊飞,2012,2012-04-05,10老,2012-04-16,6老, , 
焊飞,2013,2013-03-24,-2老,2013-04-15,5老, , 
焊飞,2014,2014-03-28,2老,2014-04-03,-7老, , 
焊飞,2015,2015-03-30,4老,2015-04-09,-1老, , 
何咯,2005,2005-03-30,5老,2005-04-09,1老, , 
何咯,2006,2006-03-26,1老,2006-04-09,1老, , 
何咯,2007,2007-03-19,-6老,2007-03-30,-9老, , 
何咯,2008,2008-03-27,2老,2008-04-03,-5老, , 
辑魂,2005,2005-04-09,12老,2005-04-13,2老, , 
辑魂,2006,2006-04-03,6老,2006-04-09,-2老, , 
辑魂,2007,2007-03-29,1老,2007-04-09,-2老, , 
辑魂,2008,2008-03-28,0老,2008-04-06,-5老, , 
辑魂,2009,2009-03-23,-5老,2009-04-05,-6老, , 
辑魂,2010,2010-03-24,-4老,2010-04-14,3老, , 
辑魂,2011,2011-04-01,4老,2011-04-14,3老, , 
辑魂,2012,2012-03-30,2老,2012-04-16,5老, , 
辑魂,2013,2013-04-12,15老,2013-04-20,9老, , 
辑魂,2014,2014-03-26,-2老,2014-04-03,-8老, , 
辑魂,2015,2015-03-25,-3老,2015-04-07,-4老,2015-04-10, 
辑魂,2016,2016-03-27,-1老,2016-04-06,-5老,2016-04-09, 
辑魂,2017,2017-03-29,1老,2017-04-10,-1老,2017-04-12, 
玫救,2005,2005-04-01,3老,2005-04-10,0老, , 
玫救,2006,2006-04-05,7老,2006-04-10,0老, , 
玫救,2007,2007-03-28,-1老,2007-04-06,-4老, , 
玫救,2008,2008-03-24,-5老,2008-04-14,4老, , 
玫救,2009,2009-03-23,-6老,2009-04-04,-6老, , 
玫救,2010,2010-04-01,3老,2010-04-10,0老, , 
玫救,2011,2011-04-04,6老,2011-04-13,3老, , 
玫救,2012,2012-03-30,1老,2012-04-16,6老, , 
玫救,2013,2013-03-23,-6老,2013-04-15,5老, , 
玫救,2014,2014-03-24,-5老,2014-03-31,-10老, , 
玫救,2015,2015-03-27,-2老,2015-04-08,-2老,2015-04-12, 
全己,2018,2018-03-29, ,2018-04-04, ,2018-04-06, 
全己,2019,2019-03-29, ,2019-04-07, ,2019-04-10, 
全己,2020,2020-03-24, ,2020-04-01, ,2020-04-05, 
全己,2021,2021-03-23, ,2021-03-31, ,2021-04-04, 
全己,2022,2022-04-01, ,2022-04-08, ,2022-04-11, 
全己,2023,2023-03-24, ,2023-03-30, ,2023-04-01, 
全己,2024,2024-03-29, ,2024-04-07, ,2024-04-11, 
全己,2025,2025-03-27, ,2025-04-07, ,2025-04-11, 
焊篮,2005,2005-04-04,6老,2005-04-15,3老, , 
焊篮,2006,2006-03-27,-2老,2006-04-12,0老, , 
焊篮,2007,2007-03-29,0老,2007-04-09,-3老, , 
焊篮,2008,2008-03-26,-3老,2008-04-07,-5老, , 
力玫,2005,2005-04-04,6老,2005-04-13,0老, , 
力玫,2006,2006-04-03,5老,2006-04-11,-2老, , 
力玫,2007,2007-03-30,1老,2007-04-10,-3老, , 
力玫,2008,2008-03-28,-1老,2008-04-11,-2老, , 
没林,2005,2005-04-01,6老,2005-04-09,3老, , 
没林,2006,2006-03-28,2老,2006-04-06,0老, , 
没林,2007,2007-03-22,-4老,2007-04-01,-5老, , 
没林,2008,2008-03-30,4老,2008-04-08,2老, , 
没林,2009,2009-03-24,-2老,2009-04-03,-3老, , 
没林,2010,2010-04-01,6老,2010-04-18,12老, , 
没林,2011,2011-03-28,2老,2011-04-14,8老, , 
没林,2012,2012-03-31,5老,2012-04-17,11老, , 
没林,2013,2013-03-30,4老,2013-04-14,8老, , 
没林,2014,2014-03-22,-4老,2014-03-29,-8老, , 
没林,2015,2015-03-28,2老,2015-04-02,-4老,2015-04-04,-3老
没林,2016,2016-03-20,-6老,2016-04-01,-5老,2016-04-03,-4老
没林,2017,2017-03-22,-4老,2017-04-04,-2老,2017-04-07,0老
没林,2018,2018-03-18,-8老,2018-04-01,-5老,2018-04-03,-4老
没林,2019,2019-03-21,-5老,2019-03-28,-9老,2019-04-06,-1老
没林,2020,2020-03-13,-13老,2020-03-26,-11老,2020-03-29,-9老
没林,2021,2021-03-12,-14老,2021-03-24,-13老,2021-03-27,-11老
没林,2022,2022-03-22,-4老,2022-04-02,-4老,2022-04-05,-2老
没林,2023,2023-03-11,-15老,2023-03-23,-14老,2023-03-26,-12老
没林,2024,2024-03-21,-5老,2024-03-31,-6老,2024-04-02,-5老
没林,2025,2025-03-24,-2老,2025-03-31,-6老,2025-04-04,-3老
眠浅飞,2005,2005-03-24,-1老,2005-04-11,2老, , 
眠浅飞,2006,2006-03-27,2老,2006-04-09,0老, , 
眠浅飞,2007,2007-03-23,-2老,2007-04-02,-7老, , 
眠浅飞,2008,2008-04-01,7老,2008-04-05,-4老, , 
眠浅飞,2009,2009-03-23,-2老,2009-04-01,-8老, , 
眠浅飞,2010,2010-03-28,3老,2010-04-17,8老, , 
眠浅飞,2011,2011-04-01,7老,2011-04-11,2老, , 
眠浅飞,2012,2012-04-04,10老,2012-04-16,7老, , 
眠浅飞,2013,2013-03-26,1老,2013-04-10,1老, , 
眠浅飞,2014,2014-03-26,1老,2014-04-01,-8老, , 
眠浅飞,2015,2015-03-28,3老,2015-04-13,4老,2015-04-17, 
面林,2005,2005-04-04,9老,2005-04-12,3老, , 
面林,2006,2006-04-03,8老,2006-04-10,1老, , 
面林,2007,2007-03-30,4老,2007-04-06,-3老, , 
面林,2008,2008-03-24,-2老,2008-04-07,-2老, , 
面林,2009,2009-03-20,-6老,2009-04-03,-6老, , 
面林,2010,2010-03-30,4老,2010-04-18,9老, , 
面林,2011,2011-04-01,6老,2011-04-13,4老, , 
面林,2012,2012-04-06,11老,2012-04-14,5老, , 
面林,2013,2013-04-03,8老,2013-04-10,1老, , 
面林,2014,2014-03-25,-1老,2014-03-31,-9老, , 
面林,2015,2015-03-25,-1老,2015-04-04,-5老,2015-04-10, 
